Experiment_ID,K,Question_ID,Rank,Score,Source_Row,Content_Preview
SS-001,1,Q001,1,0.6911125750531164,13,"Notes: Product Overview: WELIREG is used in Renal Cell Carcinoma. Clinical discussion covered approved indications, patient eligibility, efficacy, safety, monitoring, treatment pathway, and physician education. Sales discussion included customer ques"
SS-001,1,Q002,1,0.44720669752499564,97,"included prescription trends, customer behavior, business opportunities, formulary discussions, regional planning, call objectives, meeting outcomes, and action items. Product Overview: GARDASIL 9 is used in HPV Prevention. Clinical discussion covere"
SS-001,1,Q003,1,0.38118096193437545,67,"eligibility, efficacy, safety, monitoring, treatment pathway, and physician education. Sales discussion included customer questions, objections, market access, competitor comparison, follow-up planning, CRM updates, scientific literature sharing, com"
SS-001,1,Q004,1,0.3399566657905364,160,"eligibility, efficacy, safety, monitoring, treatment pathway, and physician education. Sales discussion included customer questions, objections, market access, competitor comparison, follow-up planning, CRM updates, scientific literature sharing, com"
SS-002,3,Q001,1,0.6911125750531164,13,"Notes: Product Overview: WELIREG is used in Renal Cell Carcinoma. Clinical discussion covered approved indications, patient eligibility, efficacy, safety, monitoring, treatment pathway, and physician education. Sales discussion included customer ques"
SS-002,3,Q001,2,0.6911125750531164,135,"Notes: Product Overview: WELIREG is used in Renal Cell Carcinoma. Clinical discussion covered approved indications, patient eligibility, efficacy, safety, monitoring, treatment pathway, and physician education. Sales discussion included customer ques"
SS-002,3,Q001,3,0.6905974562706163,237,"Notes: Product Overview: WELIREG is used in Renal Cell Carcinoma. Clinical discussion covered approved indications, patient eligibility, efficacy, safety, monitoring, treatment pathway, and physician education. Sales discussion included customer ques"
SS-002,3,Q002,1,0.44720669752499564,0,"included prescription trends, customer behavior, business opportunities, formulary discussions, regional planning, call objectives, meeting outcomes, and action items. Product Overview: GARDASIL 9 is used in HPV Prevention. Clinical discussion covere"
SS-002,3,Q002,2,0.44720669752499564,97,"included prescription trends, customer behavior, business opportunities, formulary discussions, regional planning, call objectives, meeting outcomes, and action items. Product Overview: GARDASIL 9 is used in HPV Prevention. Clinical discussion covere"
SS-002,3,Q002,3,0.44720669752499564,178,"included prescription trends, customer behavior, business opportunities, formulary discussions, regional planning, call objectives, meeting outcomes, and action items. Product Overview: GARDASIL 9 is used in HPV Prevention. Clinical discussion covere"
SS-002,3,Q003,1,0.38118096193437545,67,"eligibility, efficacy, safety, monitoring, treatment pathway, and physician education. Sales discussion included customer questions, objections, market access, competitor comparison, follow-up planning, CRM updates, scientific literature sharing, com"
SS-002,3,Q003,2,0.38108128463764723,80,"eligibility, efficacy, safety, monitoring, treatment pathway, and physician education. Sales discussion included customer questions, objections, market access, competitor comparison, follow-up planning, CRM updates, scientific literature sharing, com"
SS-002,3,Q003,3,0.38108128463764723,105,"eligibility, efficacy, safety, monitoring, treatment pathway, and physician education. Sales discussion included customer questions, objections, market access, competitor comparison, follow-up planning, CRM updates, scientific literature sharing, com"
SS-002,3,Q004,1,0.3399566657905364,132,"eligibility, efficacy, safety, monitoring, treatment pathway, and physician education. Sales discussion included customer questions, objections, market access, competitor comparison, follow-up planning, CRM updates, scientific literature sharing, com"
SS-002,3,Q004,2,0.3399566657905364,160,"eligibility, efficacy, safety, monitoring, treatment pathway, and physician education. Sales discussion included customer questions, objections, market access, competitor comparison, follow-up planning, CRM updates, scientific literature sharing, com"
SS-002,3,Q004,3,0.3399566657905364,283,"eligibility, efficacy, safety, monitoring, treatment pathway, and physician education. Sales discussion included customer questions, objections, market access, competitor comparison, follow-up planning, CRM updates, scientific literature sharing, com"
SS-003,5,Q001,1,0.6911125750531164,13,"Notes: Product Overview: WELIREG is used in Renal Cell Carcinoma. Clinical discussion covered approved indications, patient eligibility, efficacy, safety, monitoring, treatment pathway, and physician education. Sales discussion included customer ques"
SS-003,5,Q001,2,0.6911125750531164,135,"Notes: Product Overview: WELIREG is used in Renal Cell Carcinoma. Clinical discussion covered approved indications, patient eligibility, efficacy, safety, monitoring, treatment pathway, and physician education. Sales discussion included customer ques"
SS-003,5,Q001,3,0.6905974562706163,81,"Notes: Product Overview: WELIREG is used in Renal Cell Carcinoma. Clinical discussion covered approved indications, patient eligibility, efficacy, safety, monitoring, treatment pathway, and physician education. Sales discussion included customer ques"
SS-003,5,Q001,4,0.6905974562706163,237,"Notes: Product Overview: WELIREG is used in Renal Cell Carcinoma. Clinical discussion covered approved indications, patient eligibility, efficacy, safety, monitoring, treatment pathway, and physician education. Sales discussion included customer ques"
SS-003,5,Q001,5,0.6905974562706163,283,"Notes: Product Overview: WELIREG is used in Renal Cell Carcinoma. Clinical discussion covered approved indications, patient eligibility, efficacy, safety, monitoring, treatment pathway, and physician education. Sales discussion included customer ques"
SS-003,5,Q002,1,0.44720669752499564,0,"included prescription trends, customer behavior, business opportunities, formulary discussions, regional planning, call objectives, meeting outcomes, and action items. Product Overview: GARDASIL 9 is used in HPV Prevention. Clinical discussion covere"
SS-003,5,Q002,2,0.44720669752499564,97,"included prescription trends, customer behavior, business opportunities, formulary discussions, regional planning, call objectives, meeting outcomes, and action items. Product Overview: GARDASIL 9 is used in HPV Prevention. Clinical discussion covere"
SS-003,5,Q002,3,0.44720669752499564,178,"included prescription trends, customer behavior, business opportunities, formulary discussions, regional planning, call objectives, meeting outcomes, and action items. Product Overview: GARDASIL 9 is used in HPV Prevention. Clinical discussion covere"
SS-003,5,Q002,4,0.44718811076480236,288,"included prescription trends, customer behavior, business opportunities, formulary discussions, regional planning, call objectives, meeting outcomes, and action items. Product Overview: GARDASIL 9 is used in HPV Prevention. Clinical discussion covere"
SS-003,5,Q002,5,0.4471745816264303,89,"included prescription trends, customer behavior, business opportunities, formulary discussions, regional planning, call objectives, meeting outcomes, and action items. Product Overview: GARDASIL 9 is used in HPV Prevention. Clinical discussion covere"
SS-003,5,Q003,1,0.38118096193437545,67,"eligibility, efficacy, safety, monitoring, treatment pathway, and physician education. Sales discussion included customer questions, objections, market access, competitor comparison, follow-up planning, CRM updates, scientific literature sharing, com"
SS-003,5,Q003,2,0.38108128463764723,71,"eligibility, efficacy, safety, monitoring, treatment pathway, and physician education. Sales discussion included customer questions, objections, market access, competitor comparison, follow-up planning, CRM updates, scientific literature sharing, com"
SS-003,5,Q003,3,0.38108128463764723,80,"eligibility, efficacy, safety, monitoring, treatment pathway, and physician education. Sales discussion included customer questions, objections, market access, competitor comparison, follow-up planning, CRM updates, scientific literature sharing, com"
SS-003,5,Q003,4,0.38108128463764723,105,"eligibility, efficacy, safety, monitoring, treatment pathway, and physician education. Sales discussion included customer questions, objections, market access, competitor comparison, follow-up planning, CRM updates, scientific literature sharing, com"
SS-003,5,Q003,5,0.38108128463764723,109,"eligibility, efficacy, safety, monitoring, treatment pathway, and physician education. Sales discussion included customer questions, objections, market access, competitor comparison, follow-up planning, CRM updates, scientific literature sharing, com"
SS-003,5,Q004,1,0.3399566657905364,71,"eligibility, efficacy, safety, monitoring, treatment pathway, and physician education. Sales discussion included customer questions, objections, market access, competitor comparison, follow-up planning, CRM updates, scientific literature sharing, com"
SS-003,5,Q004,2,0.3399566657905364,132,"eligibility, efficacy, safety, monitoring, treatment pathway, and physician education. Sales discussion included customer questions, objections, market access, competitor comparison, follow-up planning, CRM updates, scientific literature sharing, com"
SS-003,5,Q004,3,0.3399566657905364,135,"eligibility, efficacy, safety, monitoring, treatment pathway, and physician education. Sales discussion included customer questions, objections, market access, competitor comparison, follow-up planning, CRM updates, scientific literature sharing, com"
SS-003,5,Q004,4,0.3399566657905364,160,"eligibility, efficacy, safety, monitoring, treatment pathway, and physician education. Sales discussion included customer questions, objections, market access, competitor comparison, follow-up planning, CRM updates, scientific literature sharing, com"
SS-003,5,Q004,5,0.3399566657905364,283,"eligibility, efficacy, safety, monitoring, treatment pathway, and physician education. Sales discussion included customer questions, objections, market access, competitor comparison, follow-up planning, CRM updates, scientific literature sharing, com"
SS-004,10,Q001,1,0.6911125750531164,13,"Notes: Product Overview: WELIREG is used in Renal Cell Carcinoma. Clinical discussion covered approved indications, patient eligibility, efficacy, safety, monitoring, treatment pathway, and physician education. Sales discussion included customer ques"
SS-004,10,Q001,2,0.6911125750531164,135,"Notes: Product Overview: WELIREG is used in Renal Cell Carcinoma. Clinical discussion covered approved indications, patient eligibility, efficacy, safety, monitoring, treatment pathway, and physician education. Sales discussion included customer ques"
SS-004,10,Q001,3,0.6905974562706163,1,"Notes: Product Overview: WELIREG is used in Renal Cell Carcinoma. Clinical discussion covered approved indications, patient eligibility, efficacy, safety, monitoring, treatment pathway, and physician education. Sales discussion included customer ques"
SS-004,10,Q001,4,0.6905974562706163,71,"Notes: Product Overview: WELIREG is used in Renal Cell Carcinoma. Clinical discussion covered approved indications, patient eligibility, efficacy, safety, monitoring, treatment pathway, and physician education. Sales discussion included customer ques"
SS-004,10,Q001,5,0.6905974562706163,80,"Notes: Product Overview: WELIREG is used in Renal Cell Carcinoma. Clinical discussion covered approved indications, patient eligibility, efficacy, safety, monitoring, treatment pathway, and physician education. Sales discussion included customer ques"
SS-004,10,Q001,6,0.6905974562706163,81,"Notes: Product Overview: WELIREG is used in Renal Cell Carcinoma. Clinical discussion covered approved indications, patient eligibility, efficacy, safety, monitoring, treatment pathway, and physician education. Sales discussion included customer ques"
SS-004,10,Q001,7,0.6905974562706163,85,"Notes: Product Overview: WELIREG is used in Renal Cell Carcinoma. Clinical discussion covered approved indications, patient eligibility, efficacy, safety, monitoring, treatment pathway, and physician education. Sales discussion included customer ques"
SS-004,10,Q001,8,0.6905974562706163,132,"Notes: Product Overview: WELIREG is used in Renal Cell Carcinoma. Clinical discussion covered approved indications, patient eligibility, efficacy, safety, monitoring, treatment pathway, and physician education. Sales discussion included customer ques"
SS-004,10,Q001,9,0.6905974562706163,237,"Notes: Product Overview: WELIREG is used in Renal Cell Carcinoma. Clinical discussion covered approved indications, patient eligibility, efficacy, safety, monitoring, treatment pathway, and physician education. Sales discussion included customer ques"
SS-004,10,Q001,10,0.6905974562706163,283,"Notes: Product Overview: WELIREG is used in Renal Cell Carcinoma. Clinical discussion covered approved indications, patient eligibility, efficacy, safety, monitoring, treatment pathway, and physician education. Sales discussion included customer ques"
SS-004,10,Q002,1,0.44720669752499564,0,"included prescription trends, customer behavior, business opportunities, formulary discussions, regional planning, call objectives, meeting outcomes, and action items. Product Overview: GARDASIL 9 is used in HPV Prevention. Clinical discussion covere"
SS-004,10,Q002,2,0.44720669752499564,97,"included prescription trends, customer behavior, business opportunities, formulary discussions, regional planning, call objectives, meeting outcomes, and action items. Product Overview: GARDASIL 9 is used in HPV Prevention. Clinical discussion covere"
SS-004,10,Q002,3,0.44720669752499564,178,"included prescription trends, customer behavior, business opportunities, formulary discussions, regional planning, call objectives, meeting outcomes, and action items. Product Overview: GARDASIL 9 is used in HPV Prevention. Clinical discussion covere"
SS-004,10,Q002,4,0.44718811076480236,288,"included prescription trends, customer behavior, business opportunities, formulary discussions, regional planning, call objectives, meeting outcomes, and action items. Product Overview: GARDASIL 9 is used in HPV Prevention. Clinical discussion covere"
SS-004,10,Q002,5,0.4471745816264303,82,"included prescription trends, customer behavior, business opportunities, formulary discussions, regional planning, call objectives, meeting outcomes, and action items. Product Overview: GARDASIL 9 is used in HPV Prevention. Clinical discussion covere"
SS-004,10,Q002,6,0.4471745816264303,89,"included prescription trends, customer behavior, business opportunities, formulary discussions, regional planning, call objectives, meeting outcomes, and action items. Product Overview: GARDASIL 9 is used in HPV Prevention. Clinical discussion covere"
SS-004,10,Q002,7,0.4471745816264303,122,"included prescription trends, customer behavior, business opportunities, formulary discussions, regional planning, call objectives, meeting outcomes, and action items. Product Overview: GARDASIL 9 is used in HPV Prevention. Clinical discussion covere"
SS-004,10,Q002,8,0.4471745816264303,168,"included prescription trends, customer behavior, business opportunities, formulary discussions, regional planning, call objectives, meeting outcomes, and action items. Product Overview: GARDASIL 9 is used in HPV Prevention. Clinical discussion covere"
SS-004,10,Q002,9,0.4471745816264303,240,"included prescription trends, customer behavior, business opportunities, formulary discussions, regional planning, call objectives, meeting outcomes, and action items. Product Overview: GARDASIL 9 is used in HPV Prevention. Clinical discussion covere"
SS-004,10,Q002,10,0.4471745816264303,287,"included prescription trends, customer behavior, business opportunities, formulary discussions, regional planning, call objectives, meeting outcomes, and action items. Product Overview: GARDASIL 9 is used in HPV Prevention. Clinical discussion covere"
SS-004,10,Q003,1,0.38118096193437545,67,"eligibility, efficacy, safety, monitoring, treatment pathway, and physician education. Sales discussion included customer questions, objections, market access, competitor comparison, follow-up planning, CRM updates, scientific literature sharing, com"
SS-004,10,Q003,2,0.38108128463764723,26,"eligibility, efficacy, safety, monitoring, treatment pathway, and physician education. Sales discussion included customer questions, objections, market access, competitor comparison, follow-up planning, CRM updates, scientific literature sharing, com"
SS-004,10,Q003,3,0.38108128463764723,71,"eligibility, efficacy, safety, monitoring, treatment pathway, and physician education. Sales discussion included customer questions, objections, market access, competitor comparison, follow-up planning, CRM updates, scientific literature sharing, com"
SS-004,10,Q003,4,0.38108128463764723,80,"eligibility, efficacy, safety, monitoring, treatment pathway, and physician education. Sales discussion included customer questions, objections, market access, competitor comparison, follow-up planning, CRM updates, scientific literature sharing, com"
SS-004,10,Q003,5,0.38108128463764723,105,"eligibility, efficacy, safety, monitoring, treatment pathway, and physician education. Sales discussion included customer questions, objections, market access, competitor comparison, follow-up planning, CRM updates, scientific literature sharing, com"
SS-004,10,Q003,6,0.38108128463764723,109,"eligibility, efficacy, safety, monitoring, treatment pathway, and physician education. Sales discussion included customer questions, objections, market access, competitor comparison, follow-up planning, CRM updates, scientific literature sharing, com"
SS-004,10,Q003,7,0.38108128463764723,129,"eligibility, efficacy, safety, monitoring, treatment pathway, and physician education. Sales discussion included customer questions, objections, market access, competitor comparison, follow-up planning, CRM updates, scientific literature sharing, com"
SS-004,10,Q003,8,0.38108128463764723,227,"eligibility, efficacy, safety, monitoring, treatment pathway, and physician education. Sales discussion included customer questions, objections, market access, competitor comparison, follow-up planning, CRM updates, scientific literature sharing, com"
SS-004,10,Q003,9,0.38108128463764723,279,"eligibility, efficacy, safety, monitoring, treatment pathway, and physician education. Sales discussion included customer questions, objections, market access, competitor comparison, follow-up planning, CRM updates, scientific literature sharing, com"
SS-004,10,Q003,10,0.38108128463764723,283,"eligibility, efficacy, safety, monitoring, treatment pathway, and physician education. Sales discussion included customer questions, objections, market access, competitor comparison, follow-up planning, CRM updates, scientific literature sharing, com"
SS-004,10,Q004,1,0.3399566657905364,26,"eligibility, efficacy, safety, monitoring, treatment pathway, and physician education. Sales discussion included customer questions, objections, market access, competitor comparison, follow-up planning, CRM updates, scientific literature sharing, com"
SS-004,10,Q004,2,0.3399566657905364,71,"eligibility, efficacy, safety, monitoring, treatment pathway, and physician education. Sales discussion included customer questions, objections, market access, competitor comparison, follow-up planning, CRM updates, scientific literature sharing, com"
SS-004,10,Q004,3,0.3399566657905364,105,"eligibility, efficacy, safety, monitoring, treatment pathway, and physician education. Sales discussion included customer questions, objections, market access, competitor comparison, follow-up planning, CRM updates, scientific literature sharing, com"
SS-004,10,Q004,4,0.3399566657905364,132,"eligibility, efficacy, safety, monitoring, treatment pathway, and physician education. Sales discussion included customer questions, objections, market access, competitor comparison, follow-up planning, CRM updates, scientific literature sharing, com"
SS-004,10,Q004,5,0.3399566657905364,135,"eligibility, efficacy, safety, monitoring, treatment pathway, and physician education. Sales discussion included customer questions, objections, market access, competitor comparison, follow-up planning, CRM updates, scientific literature sharing, com"
SS-004,10,Q004,6,0.3399566657905364,160,"eligibility, efficacy, safety, monitoring, treatment pathway, and physician education. Sales discussion included customer questions, objections, market access, competitor comparison, follow-up planning, CRM updates, scientific literature sharing, com"
SS-004,10,Q004,7,0.3399566657905364,186,"eligibility, efficacy, safety, monitoring, treatment pathway, and physician education. Sales discussion included customer questions, objections, market access, competitor comparison, follow-up planning, CRM updates, scientific literature sharing, com"
SS-004,10,Q004,8,0.3399566657905364,235,"eligibility, efficacy, safety, monitoring, treatment pathway, and physician education. Sales discussion included customer questions, objections, market access, competitor comparison, follow-up planning, CRM updates, scientific literature sharing, com"
SS-004,10,Q004,9,0.3399566657905364,283,"eligibility, efficacy, safety, monitoring, treatment pathway, and physician education. Sales discussion included customer questions, objections, market access, competitor comparison, follow-up planning, CRM updates, scientific literature sharing, com"
SS-004,10,Q004,10,0.3399566657905364,284,"eligibility, efficacy, safety, monitoring, treatment pathway, and physician education. Sales discussion included customer questions, objections, market access, competitor comparison, follow-up planning, CRM updates, scientific literature sharing, com"
